{"data":{"11":1097482.785884,"24":167806.755262,"27":162222.975472,"28":260949.336665,"32":444604.388221001,"44":353416.137176,"52":188749.978938,"53":144991.679168,"75":240337.605768,"76":214579.086769,"84":446616.706955,"93":247497.456327,"94":11059.025589,"01":23342.385142,"02":25002.459934,"03":10447.100176,"04":41619.314344},"metadata":{"unit_name":" Nombre","stat_name":"Nombre de locataires du parc social - 2011","scale":"region"}}